{"cameraMode":{"drawMode":0,"name":"Shaded","section":"Shading Mode"},"sceneLighting":false,"audioPlay":false,"sceneViewState":{"showFog":true,"showMaterialUpdate":false,"showSkybox":true,"showFlares":true,"showImageEffects":true,"showParticleSystems":true},"in2DMode":false,"pivot":{"x":0.011716127395629883,"y":1.3054020404815674,"z":0.06630599498748779},"rotation":{"x":0.0037569296546280386,"y":0.9147500395774841,"z":-0.4039132595062256,"w":0.008508296683430672},"size":9.106229782104493,"orthographic":false}